<?xml version="1.0" encoding="utf-8"?>
<index version="1" name="chmaha Scripts" commit="7d2857c94ab88de2d98a22f1783895b6d41de71b">
  <category name="ReaClassical">
    <reapack name="ReaClassical.lua" type="script" desc="ReaClassical">
      <version name="22.12.2" author="chmaha" time="2022-12-15T16:29:38Z">
        <changelog><![CDATA[v22.12.2
Fix main lua file]]></changelog>
        <source main="main" file="ReaClassical_Add Destination IN marker.lua">https://github.com/chmaha/ReaClassical/raw/7d2857c94ab88de2d98a22f1783895b6d41de71b/ReaClassical/ReaClassical_Add%20Destination%20IN%20marker.lua</source>
        <source main="main" file="ReaClassical_Add Destination OUT Marker.lua">https://github.com/chmaha/ReaClassical/raw/7d2857c94ab88de2d98a22f1783895b6d41de71b/ReaClassical/ReaClassical_Add%20Destination%20OUT%20Marker.lua</source>
        <source main="main" file="ReaClassical_Add Source IN marker.lua">https://github.com/chmaha/ReaClassical/raw/7d2857c94ab88de2d98a22f1783895b6d41de71b/ReaClassical/ReaClassical_Add%20Source%20IN%20marker.lua</source>
        <source main="main" file="ReaClassical_Add Source OUT marker.lua">https://github.com/chmaha/ReaClassical/raw/7d2857c94ab88de2d98a22f1783895b6d41de71b/ReaClassical/ReaClassical_Add%20Source%20OUT%20marker.lua</source>
        <source main="main" file="ReaClassical_Classical Crossfade Editor.lua">https://github.com/chmaha/ReaClassical/raw/7d2857c94ab88de2d98a22f1783895b6d41de71b/ReaClassical/ReaClassical_Classical%20Crossfade%20Editor.lua</source>
        <source main="main" file="ReaClassical_Classical Crossfade.lua">https://github.com/chmaha/ReaClassical/raw/7d2857c94ab88de2d98a22f1783895b6d41de71b/ReaClassical/ReaClassical_Classical%20Crossfade.lua</source>
        <source main="main" file="ReaClassical_Classical Take Record.lua">https://github.com/chmaha/ReaClassical/raw/7d2857c94ab88de2d98a22f1783895b6d41de71b/ReaClassical/ReaClassical_Classical%20Take%20Record.lua</source>
        <source main="main" file="ReaClassical_Delete All S-D markers.lua">https://github.com/chmaha/ReaClassical/raw/7d2857c94ab88de2d98a22f1783895b6d41de71b/ReaClassical/ReaClassical_Delete%20All%20S-D%20markers.lua</source>
        <source main="main" file="ReaClassical_Duplicate folder (No items).lua">https://github.com/chmaha/ReaClassical/raw/7d2857c94ab88de2d98a22f1783895b6d41de71b/ReaClassical/ReaClassical_Duplicate%20folder%20(No%20items).lua</source>
        <source main="main" file="ReaClassical_Edit Classical Crossfade.lua">https://github.com/chmaha/ReaClassical/raw/7d2857c94ab88de2d98a22f1783895b6d41de71b/ReaClassical/ReaClassical_Edit%20Classical%20Crossfade.lua</source>
        <source main="main" file="ReaClassical_Prepare Takes.lua">https://github.com/chmaha/ReaClassical/raw/7d2857c94ab88de2d98a22f1783895b6d41de71b/ReaClassical/ReaClassical_Prepare%20Takes.lua</source>
        <source main="main" file="ReaClassical_S-D Edit.lua">https://github.com/chmaha/ReaClassical/raw/7d2857c94ab88de2d98a22f1783895b6d41de71b/ReaClassical/ReaClassical_S-D%20Edit.lua</source>
        <source main="main" file="ReaClassical_Whole Project View.lua">https://github.com/chmaha/ReaClassical/raw/7d2857c94ab88de2d98a22f1783895b6d41de71b/ReaClassical/ReaClassical_Whole%20Project%20View.lua</source>
        <source main="main" file="ReaClassical_Create source groups (vertical).lua">https://github.com/chmaha/ReaClassical/raw/7d2857c94ab88de2d98a22f1783895b6d41de71b/ReaClassical/ReaClassical_Create%20source%20groups%20(vertical).lua</source>
        <source main="main" file="ReaClassical_Audition.lua">https://github.com/chmaha/ReaClassical/raw/7d2857c94ab88de2d98a22f1783895b6d41de71b/ReaClassical/ReaClassical_Audition.lua</source>
        <source main="main" file="ReaClassical_BirdBird Razor Children.lua">https://github.com/chmaha/ReaClassical/raw/7d2857c94ab88de2d98a22f1783895b6d41de71b/ReaClassical/ReaClassical_BirdBird%20Razor%20Children.lua</source>
        <source main="main" file="ReaClassical_3-point edit replace.lua">https://github.com/chmaha/ReaClassical/raw/7d2857c94ab88de2d98a22f1783895b6d41de71b/ReaClassical/ReaClassical_3-point%20edit%20replace.lua</source>
        <source main="main" file="ReaClassical_Delete Leaving Silence.lua">https://github.com/chmaha/ReaClassical/raw/7d2857c94ab88de2d98a22f1783895b6d41de71b/ReaClassical/ReaClassical_Delete%20Leaving%20Silence.lua</source>
        <source main="main" file="ReaClassical_Delete With Ripple.lua">https://github.com/chmaha/ReaClassical/raw/7d2857c94ab88de2d98a22f1783895b6d41de71b/ReaClassical/ReaClassical_Delete%20With%20Ripple.lua</source>
        <source main="main" file="ReaClassical_Insert with timestretching.lua">https://github.com/chmaha/ReaClassical/raw/7d2857c94ab88de2d98a22f1783895b6d41de71b/ReaClassical/ReaClassical_Insert%20with%20timestretching.lua</source>
        <source main="main" file="ReaClassical_Create Folder.lua">https://github.com/chmaha/ReaClassical/raw/7d2857c94ab88de2d98a22f1783895b6d41de71b/ReaClassical/ReaClassical_Create%20Folder.lua</source>
        <source main="main" file="ReaClassical_Lock_toggle.lua">https://github.com/chmaha/ReaClassical/raw/7d2857c94ab88de2d98a22f1783895b6d41de71b/ReaClassical/ReaClassical_Lock_toggle.lua</source>
        <source main="main" file="ReaClassical_Create CD Markers.lua">https://github.com/chmaha/ReaClassical/raw/7d2857c94ab88de2d98a22f1783895b6d41de71b/ReaClassical/ReaClassical_Create%20CD%20Markers.lua</source>
      </version>
    </reapack>
  </category>
</index>
