<?xml version="1.0" encoding="utf-8"?>
<index version="1" name="chmaha Scripts" commit="a918a49e01fe59b30d56003e53a922d950fc88e5">
  <category name="ReaClassical">
    <reapack name="ReaClassical.lua" type="script" desc="ReaClassical">
      <version name="22.12.3" author="chmaha" time="2022-12-17T12:12:52Z">
        <changelog><![CDATA[v22.12.3
Add further guard clauses to prevent error messages in empty project]]></changelog>
        <source main="main" file="ReaClassical_Add Destination IN marker.lua">https://github.com/chmaha/ReaClassical/raw/6c60010665471c0b497cba8621dd77b86d8fe5f7/ReaClassical/ReaClassical_Add%20Destination%20IN%20marker.lua</source>
        <source main="main" file="ReaClassical_Add Destination OUT Marker.lua">https://github.com/chmaha/ReaClassical/raw/6c60010665471c0b497cba8621dd77b86d8fe5f7/ReaClassical/ReaClassical_Add%20Destination%20OUT%20Marker.lua</source>
        <source main="main" file="ReaClassical_Add Source IN marker.lua">https://github.com/chmaha/ReaClassical/raw/6c60010665471c0b497cba8621dd77b86d8fe5f7/ReaClassical/ReaClassical_Add%20Source%20IN%20marker.lua</source>
        <source main="main" file="ReaClassical_Add Source OUT marker.lua">https://github.com/chmaha/ReaClassical/raw/6c60010665471c0b497cba8621dd77b86d8fe5f7/ReaClassical/ReaClassical_Add%20Source%20OUT%20marker.lua</source>
        <source main="main" file="ReaClassical_Classical Crossfade Editor.lua">https://github.com/chmaha/ReaClassical/raw/6c60010665471c0b497cba8621dd77b86d8fe5f7/ReaClassical/ReaClassical_Classical%20Crossfade%20Editor.lua</source>
        <source main="main" file="ReaClassical_Classical Crossfade.lua">https://github.com/chmaha/ReaClassical/raw/6c60010665471c0b497cba8621dd77b86d8fe5f7/ReaClassical/ReaClassical_Classical%20Crossfade.lua</source>
        <source main="main" file="ReaClassical_Classical Take Record.lua">https://github.com/chmaha/ReaClassical/raw/6c60010665471c0b497cba8621dd77b86d8fe5f7/ReaClassical/ReaClassical_Classical%20Take%20Record.lua</source>
        <source main="main" file="ReaClassical_Delete All S-D markers.lua">https://github.com/chmaha/ReaClassical/raw/6c60010665471c0b497cba8621dd77b86d8fe5f7/ReaClassical/ReaClassical_Delete%20All%20S-D%20markers.lua</source>
        <source main="main" file="ReaClassical_Duplicate folder (No items).lua">https://github.com/chmaha/ReaClassical/raw/6c60010665471c0b497cba8621dd77b86d8fe5f7/ReaClassical/ReaClassical_Duplicate%20folder%20(No%20items).lua</source>
        <source main="main" file="ReaClassical_Edit Classical Crossfade.lua">https://github.com/chmaha/ReaClassical/raw/6c60010665471c0b497cba8621dd77b86d8fe5f7/ReaClassical/ReaClassical_Edit%20Classical%20Crossfade.lua</source>
        <source main="main" file="ReaClassical_Prepare Takes.lua">https://github.com/chmaha/ReaClassical/raw/6c60010665471c0b497cba8621dd77b86d8fe5f7/ReaClassical/ReaClassical_Prepare%20Takes.lua</source>
        <source main="main" file="ReaClassical_S-D Edit.lua">https://github.com/chmaha/ReaClassical/raw/6c60010665471c0b497cba8621dd77b86d8fe5f7/ReaClassical/ReaClassical_S-D%20Edit.lua</source>
        <source main="main" file="ReaClassical_Whole Project View.lua">https://github.com/chmaha/ReaClassical/raw/6c60010665471c0b497cba8621dd77b86d8fe5f7/ReaClassical/ReaClassical_Whole%20Project%20View.lua</source>
        <source main="main" file="ReaClassical_Create source groups (vertical).lua">https://github.com/chmaha/ReaClassical/raw/6c60010665471c0b497cba8621dd77b86d8fe5f7/ReaClassical/ReaClassical_Create%20source%20groups%20(vertical).lua</source>
        <source main="main" file="ReaClassical_Audition.lua">https://github.com/chmaha/ReaClassical/raw/6c60010665471c0b497cba8621dd77b86d8fe5f7/ReaClassical/ReaClassical_Audition.lua</source>
        <source main="main" file="ReaClassical_BirdBird Razor Children.lua">https://github.com/chmaha/ReaClassical/raw/6c60010665471c0b497cba8621dd77b86d8fe5f7/ReaClassical/ReaClassical_BirdBird%20Razor%20Children.lua</source>
        <source main="main" file="ReaClassical_3-point edit replace.lua">https://github.com/chmaha/ReaClassical/raw/6c60010665471c0b497cba8621dd77b86d8fe5f7/ReaClassical/ReaClassical_3-point%20edit%20replace.lua</source>
        <source main="main" file="ReaClassical_Delete Leaving Silence.lua">https://github.com/chmaha/ReaClassical/raw/6c60010665471c0b497cba8621dd77b86d8fe5f7/ReaClassical/ReaClassical_Delete%20Leaving%20Silence.lua</source>
        <source main="main" file="ReaClassical_Delete With Ripple.lua">https://github.com/chmaha/ReaClassical/raw/6c60010665471c0b497cba8621dd77b86d8fe5f7/ReaClassical/ReaClassical_Delete%20With%20Ripple.lua</source>
        <source main="main" file="ReaClassical_Insert with timestretching.lua">https://github.com/chmaha/ReaClassical/raw/6c60010665471c0b497cba8621dd77b86d8fe5f7/ReaClassical/ReaClassical_Insert%20with%20timestretching.lua</source>
        <source main="main" file="ReaClassical_Create Folder.lua">https://github.com/chmaha/ReaClassical/raw/6c60010665471c0b497cba8621dd77b86d8fe5f7/ReaClassical/ReaClassical_Create%20Folder.lua</source>
        <source main="main" file="ReaClassical_Lock_toggle.lua">https://github.com/chmaha/ReaClassical/raw/6c60010665471c0b497cba8621dd77b86d8fe5f7/ReaClassical/ReaClassical_Lock_toggle.lua</source>
        <source main="main" file="ReaClassical_Create CD Markers.lua">https://github.com/chmaha/ReaClassical/raw/6c60010665471c0b497cba8621dd77b86d8fe5f7/ReaClassical/ReaClassical_Create%20CD%20Markers.lua</source>
      </version>
      <version name="22.12.12" author="chmaha" time="2022-12-23T23:24:18Z">
        <changelog><![CDATA[v22.12.12
Create CD Markers: Improve dialog boxes]]></changelog>
        <source main="main" file="ReaClassical_Add Destination IN marker.lua">https://github.com/chmaha/ReaClassical/raw/550cb08ad28b898447fa4057ad51ec8d58e55d0d/ReaClassical/ReaClassical_Add%20Destination%20IN%20marker.lua</source>
        <source main="main" file="ReaClassical_Add Destination OUT Marker.lua">https://github.com/chmaha/ReaClassical/raw/550cb08ad28b898447fa4057ad51ec8d58e55d0d/ReaClassical/ReaClassical_Add%20Destination%20OUT%20Marker.lua</source>
        <source main="main" file="ReaClassical_Add Source IN marker.lua">https://github.com/chmaha/ReaClassical/raw/550cb08ad28b898447fa4057ad51ec8d58e55d0d/ReaClassical/ReaClassical_Add%20Source%20IN%20marker.lua</source>
        <source main="main" file="ReaClassical_Add Source OUT marker.lua">https://github.com/chmaha/ReaClassical/raw/550cb08ad28b898447fa4057ad51ec8d58e55d0d/ReaClassical/ReaClassical_Add%20Source%20OUT%20marker.lua</source>
        <source main="main" file="ReaClassical_Classical Crossfade Editor.lua">https://github.com/chmaha/ReaClassical/raw/550cb08ad28b898447fa4057ad51ec8d58e55d0d/ReaClassical/ReaClassical_Classical%20Crossfade%20Editor.lua</source>
        <source main="main" file="ReaClassical_Classical Crossfade.lua">https://github.com/chmaha/ReaClassical/raw/550cb08ad28b898447fa4057ad51ec8d58e55d0d/ReaClassical/ReaClassical_Classical%20Crossfade.lua</source>
        <source main="main" file="ReaClassical_Classical Take Record.lua">https://github.com/chmaha/ReaClassical/raw/550cb08ad28b898447fa4057ad51ec8d58e55d0d/ReaClassical/ReaClassical_Classical%20Take%20Record.lua</source>
        <source main="main" file="ReaClassical_Delete All S-D markers.lua">https://github.com/chmaha/ReaClassical/raw/550cb08ad28b898447fa4057ad51ec8d58e55d0d/ReaClassical/ReaClassical_Delete%20All%20S-D%20markers.lua</source>
        <source main="main" file="ReaClassical_Duplicate folder (No items).lua">https://github.com/chmaha/ReaClassical/raw/550cb08ad28b898447fa4057ad51ec8d58e55d0d/ReaClassical/ReaClassical_Duplicate%20folder%20(No%20items).lua</source>
        <source main="main" file="ReaClassical_Edit Classical Crossfade.lua">https://github.com/chmaha/ReaClassical/raw/550cb08ad28b898447fa4057ad51ec8d58e55d0d/ReaClassical/ReaClassical_Edit%20Classical%20Crossfade.lua</source>
        <source main="main" file="ReaClassical_Prepare Takes.lua">https://github.com/chmaha/ReaClassical/raw/550cb08ad28b898447fa4057ad51ec8d58e55d0d/ReaClassical/ReaClassical_Prepare%20Takes.lua</source>
        <source main="main" file="ReaClassical_S-D Edit.lua">https://github.com/chmaha/ReaClassical/raw/550cb08ad28b898447fa4057ad51ec8d58e55d0d/ReaClassical/ReaClassical_S-D%20Edit.lua</source>
        <source main="main" file="ReaClassical_Whole Project View.lua">https://github.com/chmaha/ReaClassical/raw/550cb08ad28b898447fa4057ad51ec8d58e55d0d/ReaClassical/ReaClassical_Whole%20Project%20View.lua</source>
        <source main="main" file="ReaClassical_Create source groups (vertical).lua">https://github.com/chmaha/ReaClassical/raw/550cb08ad28b898447fa4057ad51ec8d58e55d0d/ReaClassical/ReaClassical_Create%20source%20groups%20(vertical).lua</source>
        <source main="main" file="ReaClassical_Audition.lua">https://github.com/chmaha/ReaClassical/raw/550cb08ad28b898447fa4057ad51ec8d58e55d0d/ReaClassical/ReaClassical_Audition.lua</source>
        <source main="main" file="ReaClassical_3-point edit replace.lua">https://github.com/chmaha/ReaClassical/raw/550cb08ad28b898447fa4057ad51ec8d58e55d0d/ReaClassical/ReaClassical_3-point%20edit%20replace.lua</source>
        <source main="main" file="ReaClassical_Delete Leaving Silence.lua">https://github.com/chmaha/ReaClassical/raw/550cb08ad28b898447fa4057ad51ec8d58e55d0d/ReaClassical/ReaClassical_Delete%20Leaving%20Silence.lua</source>
        <source main="main" file="ReaClassical_Delete With Ripple.lua">https://github.com/chmaha/ReaClassical/raw/550cb08ad28b898447fa4057ad51ec8d58e55d0d/ReaClassical/ReaClassical_Delete%20With%20Ripple.lua</source>
        <source main="main" file="ReaClassical_Insert with timestretching.lua">https://github.com/chmaha/ReaClassical/raw/550cb08ad28b898447fa4057ad51ec8d58e55d0d/ReaClassical/ReaClassical_Insert%20with%20timestretching.lua</source>
        <source main="main" file="ReaClassical_Create Folder.lua">https://github.com/chmaha/ReaClassical/raw/550cb08ad28b898447fa4057ad51ec8d58e55d0d/ReaClassical/ReaClassical_Create%20Folder.lua</source>
        <source main="main" file="ReaClassical_Lock_toggle.lua">https://github.com/chmaha/ReaClassical/raw/550cb08ad28b898447fa4057ad51ec8d58e55d0d/ReaClassical/ReaClassical_Lock_toggle.lua</source>
        <source main="main" file="ReaClassical_Create CD Markers.lua">https://github.com/chmaha/ReaClassical/raw/550cb08ad28b898447fa4057ad51ec8d58e55d0d/ReaClassical/ReaClassical_Create%20CD%20Markers.lua</source>
      </version>
      <version name="22.12.13" author="chmaha" time="2022-12-29T10:31:20Z">
        <changelog><![CDATA[v22.12.13
Create CD Markers: Add undo block]]></changelog>
        <source main="main" file="ReaClassical_Add Destination IN marker.lua">https://github.com/chmaha/ReaClassical/raw/b2c81bec34b050f4f9e01a8e84b8c68dd1b66553/ReaClassical/ReaClassical_Add%20Destination%20IN%20marker.lua</source>
        <source main="main" file="ReaClassical_Add Destination OUT Marker.lua">https://github.com/chmaha/ReaClassical/raw/b2c81bec34b050f4f9e01a8e84b8c68dd1b66553/ReaClassical/ReaClassical_Add%20Destination%20OUT%20Marker.lua</source>
        <source main="main" file="ReaClassical_Add Source IN marker.lua">https://github.com/chmaha/ReaClassical/raw/b2c81bec34b050f4f9e01a8e84b8c68dd1b66553/ReaClassical/ReaClassical_Add%20Source%20IN%20marker.lua</source>
        <source main="main" file="ReaClassical_Add Source OUT marker.lua">https://github.com/chmaha/ReaClassical/raw/b2c81bec34b050f4f9e01a8e84b8c68dd1b66553/ReaClassical/ReaClassical_Add%20Source%20OUT%20marker.lua</source>
        <source main="main" file="ReaClassical_Classical Crossfade Editor.lua">https://github.com/chmaha/ReaClassical/raw/b2c81bec34b050f4f9e01a8e84b8c68dd1b66553/ReaClassical/ReaClassical_Classical%20Crossfade%20Editor.lua</source>
        <source main="main" file="ReaClassical_Classical Crossfade.lua">https://github.com/chmaha/ReaClassical/raw/b2c81bec34b050f4f9e01a8e84b8c68dd1b66553/ReaClassical/ReaClassical_Classical%20Crossfade.lua</source>
        <source main="main" file="ReaClassical_Classical Take Record.lua">https://github.com/chmaha/ReaClassical/raw/b2c81bec34b050f4f9e01a8e84b8c68dd1b66553/ReaClassical/ReaClassical_Classical%20Take%20Record.lua</source>
        <source main="main" file="ReaClassical_Delete All S-D markers.lua">https://github.com/chmaha/ReaClassical/raw/b2c81bec34b050f4f9e01a8e84b8c68dd1b66553/ReaClassical/ReaClassical_Delete%20All%20S-D%20markers.lua</source>
        <source main="main" file="ReaClassical_Duplicate folder (No items).lua">https://github.com/chmaha/ReaClassical/raw/b2c81bec34b050f4f9e01a8e84b8c68dd1b66553/ReaClassical/ReaClassical_Duplicate%20folder%20(No%20items).lua</source>
        <source main="main" file="ReaClassical_Edit Classical Crossfade.lua">https://github.com/chmaha/ReaClassical/raw/b2c81bec34b050f4f9e01a8e84b8c68dd1b66553/ReaClassical/ReaClassical_Edit%20Classical%20Crossfade.lua</source>
        <source main="main" file="ReaClassical_Prepare Takes.lua">https://github.com/chmaha/ReaClassical/raw/b2c81bec34b050f4f9e01a8e84b8c68dd1b66553/ReaClassical/ReaClassical_Prepare%20Takes.lua</source>
        <source main="main" file="ReaClassical_S-D Edit.lua">https://github.com/chmaha/ReaClassical/raw/b2c81bec34b050f4f9e01a8e84b8c68dd1b66553/ReaClassical/ReaClassical_S-D%20Edit.lua</source>
        <source main="main" file="ReaClassical_Whole Project View.lua">https://github.com/chmaha/ReaClassical/raw/b2c81bec34b050f4f9e01a8e84b8c68dd1b66553/ReaClassical/ReaClassical_Whole%20Project%20View.lua</source>
        <source main="main" file="ReaClassical_Create source groups (vertical).lua">https://github.com/chmaha/ReaClassical/raw/b2c81bec34b050f4f9e01a8e84b8c68dd1b66553/ReaClassical/ReaClassical_Create%20source%20groups%20(vertical).lua</source>
        <source main="main" file="ReaClassical_Audition.lua">https://github.com/chmaha/ReaClassical/raw/b2c81bec34b050f4f9e01a8e84b8c68dd1b66553/ReaClassical/ReaClassical_Audition.lua</source>
        <source main="main" file="ReaClassical_3-point edit replace.lua">https://github.com/chmaha/ReaClassical/raw/b2c81bec34b050f4f9e01a8e84b8c68dd1b66553/ReaClassical/ReaClassical_3-point%20edit%20replace.lua</source>
        <source main="main" file="ReaClassical_Delete Leaving Silence.lua">https://github.com/chmaha/ReaClassical/raw/b2c81bec34b050f4f9e01a8e84b8c68dd1b66553/ReaClassical/ReaClassical_Delete%20Leaving%20Silence.lua</source>
        <source main="main" file="ReaClassical_Delete With Ripple.lua">https://github.com/chmaha/ReaClassical/raw/b2c81bec34b050f4f9e01a8e84b8c68dd1b66553/ReaClassical/ReaClassical_Delete%20With%20Ripple.lua</source>
        <source main="main" file="ReaClassical_Insert with timestretching.lua">https://github.com/chmaha/ReaClassical/raw/b2c81bec34b050f4f9e01a8e84b8c68dd1b66553/ReaClassical/ReaClassical_Insert%20with%20timestretching.lua</source>
        <source main="main" file="ReaClassical_Create Folder.lua">https://github.com/chmaha/ReaClassical/raw/b2c81bec34b050f4f9e01a8e84b8c68dd1b66553/ReaClassical/ReaClassical_Create%20Folder.lua</source>
        <source main="main" file="ReaClassical_Lock_toggle.lua">https://github.com/chmaha/ReaClassical/raw/b2c81bec34b050f4f9e01a8e84b8c68dd1b66553/ReaClassical/ReaClassical_Lock_toggle.lua</source>
        <source main="main" file="ReaClassical_Create CD Markers.lua">https://github.com/chmaha/ReaClassical/raw/b2c81bec34b050f4f9e01a8e84b8c68dd1b66553/ReaClassical/ReaClassical_Create%20CD%20Markers.lua</source>
      </version>
      <version name="23.01" author="chmaha" time="2023-01-01T10:57:52Z">
        <changelog><![CDATA[v23.01
Create CD Markers: Remove any take markers as part of clean-up.]]></changelog>
        <source main="main" file="ReaClassical_Add Destination IN marker.lua">https://github.com/chmaha/ReaClassical/raw/a918a49e01fe59b30d56003e53a922d950fc88e5/ReaClassical/ReaClassical_Add%20Destination%20IN%20marker.lua</source>
        <source main="main" file="ReaClassical_Add Destination OUT Marker.lua">https://github.com/chmaha/ReaClassical/raw/a918a49e01fe59b30d56003e53a922d950fc88e5/ReaClassical/ReaClassical_Add%20Destination%20OUT%20Marker.lua</source>
        <source main="main" file="ReaClassical_Add Source IN marker.lua">https://github.com/chmaha/ReaClassical/raw/a918a49e01fe59b30d56003e53a922d950fc88e5/ReaClassical/ReaClassical_Add%20Source%20IN%20marker.lua</source>
        <source main="main" file="ReaClassical_Add Source OUT marker.lua">https://github.com/chmaha/ReaClassical/raw/a918a49e01fe59b30d56003e53a922d950fc88e5/ReaClassical/ReaClassical_Add%20Source%20OUT%20marker.lua</source>
        <source main="main" file="ReaClassical_Classical Crossfade Editor.lua">https://github.com/chmaha/ReaClassical/raw/a918a49e01fe59b30d56003e53a922d950fc88e5/ReaClassical/ReaClassical_Classical%20Crossfade%20Editor.lua</source>
        <source main="main" file="ReaClassical_Classical Crossfade.lua">https://github.com/chmaha/ReaClassical/raw/a918a49e01fe59b30d56003e53a922d950fc88e5/ReaClassical/ReaClassical_Classical%20Crossfade.lua</source>
        <source main="main" file="ReaClassical_Classical Take Record.lua">https://github.com/chmaha/ReaClassical/raw/a918a49e01fe59b30d56003e53a922d950fc88e5/ReaClassical/ReaClassical_Classical%20Take%20Record.lua</source>
        <source main="main" file="ReaClassical_Delete All S-D markers.lua">https://github.com/chmaha/ReaClassical/raw/a918a49e01fe59b30d56003e53a922d950fc88e5/ReaClassical/ReaClassical_Delete%20All%20S-D%20markers.lua</source>
        <source main="main" file="ReaClassical_Duplicate folder (No items).lua">https://github.com/chmaha/ReaClassical/raw/a918a49e01fe59b30d56003e53a922d950fc88e5/ReaClassical/ReaClassical_Duplicate%20folder%20(No%20items).lua</source>
        <source main="main" file="ReaClassical_Edit Classical Crossfade.lua">https://github.com/chmaha/ReaClassical/raw/a918a49e01fe59b30d56003e53a922d950fc88e5/ReaClassical/ReaClassical_Edit%20Classical%20Crossfade.lua</source>
        <source main="main" file="ReaClassical_Prepare Takes.lua">https://github.com/chmaha/ReaClassical/raw/a918a49e01fe59b30d56003e53a922d950fc88e5/ReaClassical/ReaClassical_Prepare%20Takes.lua</source>
        <source main="main" file="ReaClassical_S-D Edit.lua">https://github.com/chmaha/ReaClassical/raw/a918a49e01fe59b30d56003e53a922d950fc88e5/ReaClassical/ReaClassical_S-D%20Edit.lua</source>
        <source main="main" file="ReaClassical_Whole Project View.lua">https://github.com/chmaha/ReaClassical/raw/a918a49e01fe59b30d56003e53a922d950fc88e5/ReaClassical/ReaClassical_Whole%20Project%20View.lua</source>
        <source main="main" file="ReaClassical_Create source groups (vertical).lua">https://github.com/chmaha/ReaClassical/raw/a918a49e01fe59b30d56003e53a922d950fc88e5/ReaClassical/ReaClassical_Create%20source%20groups%20(vertical).lua</source>
        <source main="main" file="ReaClassical_Audition.lua">https://github.com/chmaha/ReaClassical/raw/a918a49e01fe59b30d56003e53a922d950fc88e5/ReaClassical/ReaClassical_Audition.lua</source>
        <source main="main" file="ReaClassical_3-point edit replace.lua">https://github.com/chmaha/ReaClassical/raw/a918a49e01fe59b30d56003e53a922d950fc88e5/ReaClassical/ReaClassical_3-point%20edit%20replace.lua</source>
        <source main="main" file="ReaClassical_Delete Leaving Silence.lua">https://github.com/chmaha/ReaClassical/raw/a918a49e01fe59b30d56003e53a922d950fc88e5/ReaClassical/ReaClassical_Delete%20Leaving%20Silence.lua</source>
        <source main="main" file="ReaClassical_Delete With Ripple.lua">https://github.com/chmaha/ReaClassical/raw/a918a49e01fe59b30d56003e53a922d950fc88e5/ReaClassical/ReaClassical_Delete%20With%20Ripple.lua</source>
        <source main="main" file="ReaClassical_Insert with timestretching.lua">https://github.com/chmaha/ReaClassical/raw/a918a49e01fe59b30d56003e53a922d950fc88e5/ReaClassical/ReaClassical_Insert%20with%20timestretching.lua</source>
        <source main="main" file="ReaClassical_Create Folder.lua">https://github.com/chmaha/ReaClassical/raw/a918a49e01fe59b30d56003e53a922d950fc88e5/ReaClassical/ReaClassical_Create%20Folder.lua</source>
        <source main="main" file="ReaClassical_Lock_toggle.lua">https://github.com/chmaha/ReaClassical/raw/a918a49e01fe59b30d56003e53a922d950fc88e5/ReaClassical/ReaClassical_Lock_toggle.lua</source>
        <source main="main" file="ReaClassical_Create CD Markers.lua">https://github.com/chmaha/ReaClassical/raw/a918a49e01fe59b30d56003e53a922d950fc88e5/ReaClassical/ReaClassical_Create%20CD%20Markers.lua</source>
      </version>
    </reapack>
  </category>
</index>
